dimension,value,rows,matched_rows,link_rate
round,BR,1,0,0.0
round,F,60,51,0.85
round,QF,236,204,0.864406779661017
round,R128,416,384,0.9230769230769231
round,R16,456,399,0.875
round,R32,841,745,0.8858501783590963
round,R64,472,411,0.8707627118644068
round,RR,87,12,0.13793103448275862
round,SF,120,100,0.8333333333333334
tourney_level,D,79,0,0.0
tourney_level,F,15,15,1.0
tourney_level,G,508,481,0.9468503937007874
tourney_level,I,764,656,0.8586387434554974
tourney_level,O,64,0,0.0
tourney_level,P,588,551,0.9370748299319728
tourney_level,PM,640,603,0.9421875
tourney_level,W,31,0,0.0
surface,Clay,729,593,0.813443072702332
surface,Grass,305,286,0.9377049180327869
surface,Hard,1598,1427,0.8929912390488111
surface,Unknown,57,0,0.0
