market_match_key,sport,player_a_key,player_b_key,snapshot_count,schedule_versions,book_count_max,first_snapshot_ts,last_snapshot_ts,latest_commence_time,first_lead_minutes,last_lead_minutes,opening_consensus_prob_a,latest_consensus_prob_a,probability_change_a,absolute_probability_change
tennis_atp_us_open|agustin tirante|t|mannarino|a,tennis_atp_us_open,agustin tirante|t,mannarino|a,27,8,15,2026-08-28 17:06:44.853796+00:00,2026-08-30 20:18:47.462954+00:00,2026-08-30 20:20:00+00:00,2753.252436733333,1.2089507666666668,0.709067,0.716615,0.007547999999999999,0.007547999999999999
tennis_atp_us_open|alcaraz|c|faria|j,tennis_atp_us_open,alcaraz|c,faria|j,38,4,16,2026-08-31 22:16:38.908995+00:00,2026-09-03 00:29:42.061666+00:00,2026-09-03 00:30:00+00:00,2443.35151675,0.29897223333333334,0.882672,0.930499,0.04782699999999995,0.04782699999999995
tennis_atp_us_open|alcaraz|c|safiullin|r,tennis_atp_us_open,alcaraz|c,safiullin|r,33,4,16,2026-08-28 17:06:44.853796+00:00,2026-08-31 17:17:51.350169+00:00,2026-08-31 17:20:00+00:00,2753.252436733333,2.14416385,0.856242,0.8228365,-0.03340549999999998,0.03340549999999998
tennis_atp_us_open|alcaraz|c|yibing|w,tennis_atp_us_open,alcaraz|c,yibing|w,24,2,16,2026-09-03 04:26:15.279633+00:00,2026-09-04 16:02:07.330731+00:00,2026-09-04 17:00:00+00:00,2073.74533945,57.87782115,0.8727165,0.943283,0.07056649999999998,0.07056649999999998
tennis_atp_us_open|altmaier|d|svajda|z,tennis_atp_us_open,altmaier|d,svajda|z,72,19,16,2026-08-28 17:06:44.853796+00:00,2026-09-02 15:29:39.056463+00:00,2026-09-02 16:30:00+00:00,2753.252436733333,60.34905895,0.416184,0.411677,-0.004506999999999983,0.004506999999999983
tennis_atp_us_open|andres burruchaga|r|khachanov|k,tennis_atp_us_open,andres burruchaga|r,khachanov|k,37,9,16,2026-08-28 17:06:44.853796+00:00,2026-08-31 21:46:28.191846+00:00,2026-08-31 21:49:00+00:00,2753.252436733333,2.5301359,0.219242,0.2204975,0.0012555000000000205,0.0012555000000000205
tennis_atp_us_open|arnaldi|m|duckworth|j,tennis_atp_us_open,arnaldi|m,duckworth|j,32,4,16,2026-08-28 17:06:44.853796+00:00,2026-08-31 17:09:08.225259+00:00,2026-08-31 17:15:00+00:00,2753.252436733333,5.86291235,0.528543,0.60812,0.07957700000000001,0.07957700000000001
tennis_atp_us_open|atmane|t|munar|j,tennis_atp_us_open,atmane|t,munar|j,21,4,16,2026-08-28 17:06:44.853796+00:00,2026-08-30 17:07:20.430671+00:00,2026-08-30 17:15:00+00:00,2753.252436733333,7.659488816666666,0.600894,0.634568,0.03367399999999998,0.03367399999999998
tennis_atp_us_open|auger aliassime|f|hijikata|r,tennis_atp_us_open,auger aliassime|f,hijikata|r,38,6,16,2026-08-28 17:06:44.853796+00:00,2026-08-31 22:51:58.506556+00:00,2026-08-31 22:55:00+00:00,2753.252436733333,3.0248907333333337,0.894019,0.903825,0.009805999999999981,0.009805999999999981
tennis_atp_us_open|auger aliassime|f|khachanov|k,tennis_atp_us_open,auger aliassime|f,khachanov|k,38,2,16,2026-09-01 11:01:53.891977+00:00,2026-09-03 14:57:03.223460+00:00,2026-09-03 15:00:00+00:00,1678.1018003833333,2.9462756666666667,0.7155864999999999,0.731721,0.01613450000000005,0.01613450000000005
tennis_atp_us_open|baez|s|nakashima|b,tennis_atp_us_open,baez|s,nakashima|b,35,8,16,2026-08-28 17:06:44.853796+00:00,2026-08-31 19:13:27.834205+00:00,2026-08-31 19:20:00+00:00,2753.252436733333,6.536096583333333,0.145533,0.12368199999999999,-0.02185100000000001,0.02185100000000001
tennis_atp_us_open|basavareddy|n|schoolkate|t,tennis_atp_us_open,basavareddy|n,schoolkate|t,50,5,16,2026-08-29 00:06:55.555756+00:00,2026-09-01 18:42:57.661367+00:00,2026-09-01 18:45:00+00:00,3773.0740707333334,2.038977216666667,0.623429,0.746553,0.12312400000000001,0.12312400000000001
tennis_atp_us_open|bellucci|m|fritz|t,tennis_atp_us_open,bellucci|m,fritz|t,28,7,16,2026-09-02 00:28:11.946275+00:00,2026-09-03 18:03:59.243178+00:00,2026-09-03 18:05:00+00:00,871.8008954166667,1.0126137,0.14013,0.1038925,-0.036237500000000006,0.036237500000000006
tennis_atp_us_open|bellucci|m|piros|z,tennis_atp_us_open,bellucci|m,piros|z,50,5,15,2026-08-29 00:06:55.555756+00:00,2026-09-01 18:42:57.661367+00:00,2026-09-01 18:45:00+00:00,3773.0740707333334,2.038977216666667,0.691347,0.6686885,-0.022658500000000026,0.022658500000000026
tennis_atp_us_open|bergs|z|de jong|j,tennis_atp_us_open,bergs|z,de jong|j,16,6,16,2026-09-03 02:26:32.218146+00:00,2026-09-03 22:12:30.466831+00:00,2026-09-03 22:15:00+00:00,1053.4630309,2.4922194833333333,0.714707,0.702416,-0.01229099999999994,0.01229099999999994
tennis_atp_us_open|bergs|z|taberner|c,tennis_atp_us_open,bergs|z,taberner|c,53,8,15,2026-08-28 17:06:44.853796+00:00,2026-09-01 20:11:32.177410+00:00,2026-09-01 20:25:00+00:00,2753.252436733333,13.463709833333333,0.952914,0.951657,-0.0012570000000000636,0.0012570000000000636
tennis_atp_us_open|bergs|z|van de zandschulp|b,tennis_atp_us_open,bergs|z,van de zandschulp|b,6,1,15,2026-09-04 11:16:20.804619+00:00,2026-09-04 16:02:07.330731+00:00,2026-09-05 15:00:00+00:00,1663.65325635,1377.87782115,0.339372,0.336746,-0.002626000000000017,0.002626000000000017
tennis_atp_us_open|berrettini|m|navone|m,tennis_atp_us_open,berrettini|m,navone|m,40,12,16,2026-09-01 00:28:05.466467+00:00,2026-09-02 22:47:32.165522+00:00,2026-09-02 22:50:00+00:00,2311.908892216667,2.4639079666666666,0.656661,0.5883015,-0.06835950000000002,0.06835950000000002
tennis_atp_us_open|berrettini|m|wawrinka|s,tennis_atp_us_open,berrettini|m,wawrinka|s,36,9,16,2026-08-28 17:06:44.853796+00:00,2026-08-31 19:34:00.293462+00:00,2026-08-31 19:40:00+00:00,2753.252436733333,5.995108966666667,0.7839205,0.7888805,0.0049599999999999644,0.0049599999999999644
tennis_atp_us_open|blanch|d|fritz|t,tennis_atp_us_open,blanch|d,fritz|t,51,6,14,2026-08-28 17:06:44.853796+00:00,2026-09-01 17:22:18.632280+00:00,2026-09-01 17:25:00+00:00,2753.252436733333,2.689462,0.029977,0.026263,-0.0037139999999999986,0.0037139999999999986
tennis_atp_us_open|blockx|a|cobolli|f,tennis_atp_us_open,blockx|a,cobolli|f,8,1,15,2026-09-04 03:01:46.282533+00:00,2026-09-04 16:02:07.330731+00:00,2026-09-05 15:00:00+00:00,2158.22862445,1377.87782115,0.472699,0.491964,0.019265000000000032,0.019265000000000032
tennis_atp_us_open|blockx|a|tomas barrios vera|m,tennis_atp_us_open,blockx|a,tomas barrios vera|m,33,5,15,2026-08-29 00:06:55.555756+00:00,2026-08-31 20:47:55.260522+00:00,2026-08-31 20:50:00+00:00,3773.0740707333334,2.0789913,0.815013,0.831728,0.016715000000000035,0.016715000000000035
tennis_atp_us_open|blockx|a|trungelliti|m,tennis_atp_us_open,blockx|a,trungelliti|m,44,8,16,2026-09-01 11:01:53.891977+00:00,2026-09-03 19:18:11.021555+00:00,2026-09-03 19:20:00+00:00,1678.1018003833333,1.8163074166666666,0.809803,0.85815,0.04834699999999992,0.04834699999999992
tennis_atp_us_open|bonzi|b|buse|i,tennis_atp_us_open,bonzi|b,buse|i,17,3,16,2026-09-03 00:29:42.061666+00:00,2026-09-03 20:52:03.108031+00:00,2026-09-03 20:55:00+00:00,1170.2989722333334,2.948199483333333,0.426949,0.476771,0.04982199999999998,0.04982199999999998
tennis_atp_us_open|bonzi|b|khachanov|k,tennis_atp_us_open,bonzi|b,khachanov|k,8,1,15,2026-09-04 03:01:46.282533+00:00,2026-09-04 16:02:07.330731+00:00,2026-09-05 15:00:00+00:00,2158.22862445,1377.87782115,0.328704,0.345809,0.01710499999999998,0.01710499999999998
tennis_atp_us_open|bonzi|b|molcan|a,tennis_atp_us_open,bonzi|b,molcan|a,54,9,16,2026-08-28 17:06:44.853796+00:00,2026-09-01 21:25:13.217302+00:00,2026-09-01 22:40:00+00:00,2753.252436733333,74.77971163333333,0.685657,0.661767,-0.023889999999999967,0.023889999999999967
tennis_atp_us_open|borges|n|tien|l,tennis_atp_us_open,borges|n,tien|l,38,8,16,2026-08-28 17:06:44.853796+00:00,2026-08-31 22:46:58.563224+00:00,2026-08-31 22:50:00+00:00,2753.252436733333,3.023946266666667,0.35535,0.34122450000000004,-0.014125499999999958,0.014125499999999958
tennis_atp_us_open|brooksby|j|faria|j,tennis_atp_us_open,brooksby|j,faria|j,22,8,16,2026-08-28 17:06:44.853796+00:00,2026-08-30 18:52:00.738099+00:00,2026-08-30 18:55:00+00:00,2753.252436733333,2.98769835,0.5361655000000001,0.533146,-0.003019500000000064,0.003019500000000064
tennis_atp_us_open|bublik|a|mannarino|a,tennis_atp_us_open,bublik|a,mannarino|a,39,7,16,2026-08-31 20:14:30.800190+00:00,2026-09-02 23:27:36.378368+00:00,2026-09-02 23:30:00+00:00,2565.4866635,2.3936938666666667,0.761326,0.77503,0.01370400000000005,0.01370400000000005
tennis_atp_us_open|bublik|a|paul|t,tennis_atp_us_open,bublik|a,paul|t,24,3,16,2026-09-03 04:26:15.279633+00:00,2026-09-04 16:02:07.330731+00:00,2026-09-04 16:30:00+00:00,2073.74533945,27.87782115,0.332671,0.382078,0.04940699999999998,0.04940699999999998
tennis_atp_us_open|bublik|a|wolf|j,tennis_atp_us_open,bublik|a,wolf|j,28,5,15,2026-08-28 17:06:44.853796+00:00,2026-08-31 01:03:24.716324+00:00,2026-08-31 01:10:00+00:00,2753.252436733333,6.588061266666667,0.692768,0.692768,0.0,0.0
tennis_atp_us_open|buse|i|giron|m,tennis_atp_us_open,buse|i,giron|m,66,12,16,2026-08-28 17:06:44.853796+00:00,2026-09-02 15:29:39.056463+00:00,2026-09-02 16:30:00+00:00,2753.252436733333,60.34905895,0.5265420000000001,0.6088985,0.08235649999999994,0.08235649999999994
tennis_atp_us_open|carreno busta|p|lehecka|j,tennis_atp_us_open,carreno busta|p,lehecka|j,17,1,16,2026-08-28 17:06:44.853796+00:00,2026-08-30 14:57:25.700983+00:00,2026-08-30 15:00:00+00:00,2753.252436733333,2.5716502833333332,0.205667,0.1957775,-0.009889499999999996,0.009889499999999996
tennis_atp_us_open|cerundolo|f|fritz|t,tennis_atp_us_open,cerundolo|f,fritz|t,13,1,15,2026-09-03 22:01:42.456313+00:00,2026-09-04 16:02:07.330731+00:00,2026-09-05 15:00:00+00:00,2458.2923947833333,1377.87782115,0.1943755,0.135719,-0.0586565,0.0586565
tennis_atp_us_open|cerundolo|f|lennard struff|j,tennis_atp_us_open,cerundolo|f,lennard struff|j,25,2,16,2026-09-02 00:28:11.946275+00:00,2026-09-03 14:57:03.223460+00:00,2026-09-03 15:00:00+00:00,871.8008954166667,2.9462756666666667,0.634593,0.6126199999999999,-0.02197300000000002,0.02197300000000002
tennis_atp_us_open|cerundolo|f|misolic|f,tennis_atp_us_open,cerundolo|f,misolic|f,53,8,16,2026-08-28 17:06:44.853796+00:00,2026-09-01 18:19:52.607999+00:00,2026-09-01 18:45:00+00:00,2753.252436733333,25.123200016666665,0.9379595000000001,0.941157,0.0031974999999999643,0.0031974999999999643
tennis_atp_us_open|choinski|j|van de zandschulp|b,tennis_atp_us_open,choinski|j,van de zandschulp|b,68,12,16,2026-08-28 17:06:44.853796+00:00,2026-09-02 15:29:39.056463+00:00,2026-09-02 16:30:00+00:00,2753.252436733333,60.34905895,0.236637,0.219115,-0.017521999999999982,0.017521999999999982
tennis_atp_us_open|cilic|m|rublev|a,tennis_atp_us_open,cilic|m,rublev|a,20,2,15,2026-08-28 17:06:44.853796+00:00,2026-08-30 18:06:25.044109+00:00,2026-08-31 15:00:00+00:00,2753.252436733333,1253.5825981833334,0.277935,0.26354,-0.014394999999999991,0.014394999999999991
tennis_atp_us_open|cina|f|michelsen|a,tennis_atp_us_open,cina|f,michelsen|a,24,6,15,2026-08-29 00:06:55.555756+00:00,2026-08-30 23:03:02.126613+00:00,2026-08-30 23:05:00+00:00,2693.0740707333334,1.96455645,0.225296,0.177888,-0.047408000000000006,0.047408000000000006
tennis_atp_us_open|cobolli|f|comesana|f,tennis_atp_us_open,cobolli|f,comesana|f,48,3,16,2026-08-28 17:06:44.853796+00:00,2026-09-01 14:57:45.302338+00:00,2026-09-01 15:00:00+00:00,2753.252436733333,2.2449610333333334,0.794851,0.814607,0.019755999999999996,0.019755999999999996
tennis_atp_us_open|cobolli|f|schoolkate|t,tennis_atp_us_open,cobolli|f,schoolkate|t,30,9,16,2026-09-02 00:28:11.946275+00:00,2026-09-03 18:57:10.107289+00:00,2026-09-03 19:00:00+00:00,871.8008954166667,2.831545183333333,0.850749,0.809265,-0.041483999999999965,0.041483999999999965
tennis_atp_us_open|collignon|r|gorzny|s,tennis_atp_us_open,collignon|r,gorzny|s,24,7,15,2026-08-28 17:06:44.853796+00:00,2026-08-30 22:03:13.016479+00:00,2026-08-30 22:10:00+00:00,2753.252436733333,6.7830586833333335,0.8927665,0.876169,-0.016597500000000043,0.016597500000000043
tennis_atp_us_open|damm jr|m|tiafoe|f,tennis_atp_us_open,damm jr|m,tiafoe|f,40,5,16,2026-08-28 17:06:44.853796+00:00,2026-09-01 00:56:54.349912+00:00,2026-09-01 00:59:00+00:00,2753.252436733333,2.094168133333333,0.227631,0.2117235,-0.01590749999999999,0.01590749999999999
tennis_atp_us_open|daniel vallejo|a|monfils|g,tennis_atp_us_open,daniel vallejo|a,monfils|g,56,4,16,2026-08-28 17:06:44.853796+00:00,2026-09-01 22:57:10.898887+00:00,2026-09-01 23:00:00+00:00,2753.252436733333,2.8183518833333334,0.543364,0.558004,0.014639999999999986,0.014639999999999986
tennis_atp_us_open|darderi|l|svrcina|d,tennis_atp_us_open,darderi|l,svrcina|d,38,2,16,2026-09-01 11:01:53.891977+00:00,2026-09-03 14:57:03.223460+00:00,2026-09-03 15:00:00+00:00,1678.1018003833333,2.9462756666666667,0.600904,0.5708795,-0.03002450000000001,0.03002450000000001
tennis_atp_us_open|darderi|l|sweeny|d,tennis_atp_us_open,darderi|l,sweeny|d,12,1,15,2026-09-03 23:01:55.406323+00:00,2026-09-04 16:02:07.330731+00:00,2026-09-05 15:00:00+00:00,2398.0765612833334,1377.87782115,0.8460495,0.772965,-0.0730845,0.0730845
tennis_atp_us_open|darderi|l|wendelken|h,tennis_atp_us_open,darderi|l,wendelken|h,31,6,15,2026-08-29 00:06:55.555756+00:00,2026-08-31 19:06:55.939350+00:00,2026-08-31 19:10:00+00:00,3773.0740707333334,3.0676775000000003,0.733617,0.74878,0.015163000000000038,0.015163000000000038
tennis_atp_us_open|de jong|j|passaro|f,tennis_atp_us_open,de jong|j,passaro|f,50,6,16,2026-08-29 00:06:55.555756+00:00,2026-09-01 20:11:32.177410+00:00,2026-09-01 20:25:00+00:00,3773.0740707333334,13.463709833333333,0.511204,0.5730895,0.06188550000000004,0.06188550000000004
tennis_atp_us_open|de minaur|a|guerrieri|a,tennis_atp_us_open,de minaur|a,guerrieri|a,63,13,15,2026-08-29 14:05:28.393431+00:00,2026-09-02 18:02:22.557745+00:00,2026-09-02 18:10:00+00:00,2934.52677615,7.624037583333333,0.952308,0.958791,0.0064829999999999055,0.0064829999999999055
tennis_atp_us_open|de minaur|a|van de zandschulp|b,tennis_atp_us_open,de minaur|a,van de zandschulp|b,20,5,16,2026-09-02 23:18:40.751929+00:00,2026-09-03 22:03:37.497297+00:00,2026-09-03 22:05:00+00:00,1271.3208011833333,1.37504505,0.8209725,0.7351725,-0.08579999999999999,0.08579999999999999
tennis_atp_us_open|diaz acosta|f|halys|q,tennis_atp_us_open,diaz acosta|f,halys|q,39,12,15,2026-08-28 17:06:44.853796+00:00,2026-08-31 21:57:28.197955+00:00,2026-08-31 22:00:00+00:00,2753.252436733333,2.5300340833333332,0.24358000000000002,0.25677,0.01318999999999998,0.01318999999999998
tennis_atp_us_open|dimitrov|g|popyrin|a,tennis_atp_us_open,dimitrov|g,popyrin|a,37,12,16,2026-08-29 00:06:55.555756+00:00,2026-08-31 23:13:18.192088+00:00,2026-08-31 23:15:00+00:00,3773.0740707333334,1.6967985333333333,0.623962,0.650027,0.026065000000000005,0.026065000000000005
tennis_atp_us_open|djokovic|n|navone|m,tennis_atp_us_open,djokovic|n,navone|m,27,4,16,2026-08-28 17:06:44.853796+00:00,2026-08-30 23:12:47.465187+00:00,2026-08-30 23:14:00+00:00,2753.252436733333,1.20891355,0.8296675,0.853117,0.023449500000000012,0.023449500000000012
tennis_atp_us_open|duckworth|j|yibing|w,tennis_atp_us_open,duckworth|j,yibing|w,39,8,16,2026-08-31 22:16:38.908995+00:00,2026-09-02 22:37:32.169141+00:00,2026-09-02 22:40:00+00:00,2443.35151675,2.46384765,0.49943000000000004,0.425301,-0.07412900000000006,0.07412900000000006
tennis_atp_us_open|dzumhur|d|hurkacz|h,tennis_atp_us_open,dzumhur|d,hurkacz|h,35,6,16,2026-08-28 17:06:44.853796+00:00,2026-08-31 18:17:40.577124+00:00,2026-08-31 18:20:00+00:00,2753.252436733333,2.3237146,0.0801255,0.0817705,0.0016449999999999937,0.0016449999999999937
tennis_atp_us_open|fearnley|j|landaluce|m,tennis_atp_us_open,fearnley|j,landaluce|m,24,7,15,2026-08-29 00:06:55.555756+00:00,2026-08-30 23:12:47.465187+00:00,2026-08-30 23:15:00+00:00,2573.0740707333334,2.20891355,0.511604,0.471457,-0.04014699999999993,0.04014699999999993
tennis_atp_us_open|fearnley|j|martin etcheverry|t,tennis_atp_us_open,fearnley|j,martin etcheverry|t,30,5,16,2026-09-01 01:29:25.808019+00:00,2026-09-02 17:17:18.301845+00:00,2026-09-02 17:20:00+00:00,2250.56986635,2.69496925,0.568911,0.4412535,-0.12765749999999992,0.12765749999999992
tennis_atp_us_open|fery|a|musetti|l,tennis_atp_us_open,fery|a,musetti|l,53,9,16,2026-08-28 17:06:44.853796+00:00,2026-09-01 20:11:32.177410+00:00,2026-09-01 20:20:00+00:00,2753.252436733333,8.463709833333333,0.21067049999999998,0.23259950000000001,0.021929000000000032,0.021929000000000032
tennis_atp_us_open|fils|a|tsitsipas|s,tennis_atp_us_open,fils|a,tsitsipas|s,31,2,16,2026-08-28 17:06:44.853796+00:00,2026-08-31 14:55:16.899511+00:00,2026-08-31 15:00:00+00:00,2753.252436733333,4.718341483333333,0.794814,0.8385735,0.04375949999999995,0.04375949999999995
tennis_atp_us_open|fucsovics|m|merida aguilar|d,tennis_atp_us_open,fucsovics|m,merida aguilar|d,17,1,15,2026-08-28 17:06:44.853796+00:00,2026-08-30 14:57:25.700983+00:00,2026-08-30 15:00:00+00:00,2753.252436733333,2.5716502833333332,0.202735,0.189068,-0.013666999999999985,0.013666999999999985
tennis_atp_us_open|gaston|h|medvedev|d,tennis_atp_us_open,gaston|h,medvedev|d,16,3,16,2026-08-29 00:06:55.555756+00:00,2026-08-30 17:07:20.430671+00:00,2026-08-30 17:45:00+00:00,2463.0740707333334,37.659488816666666,0.069081,0.117201,0.048119999999999996,0.048119999999999996
tennis_atp_us_open|gea|a|manuel cerundolo|j,tennis_atp_us_open,gea|a,manuel cerundolo|j,36,6,16,2026-08-30 17:07:20.430671+00:00,2026-09-01 20:12:15.383156+00:00,2026-09-01 20:15:00+00:00,2752.6594888166665,2.7436140666666664,0.579173,0.550363,-0.028810000000000002,0.028810000000000002
tennis_atp_us_open|gea|a|svajda|z,tennis_atp_us_open,gea|a,svajda|z,19,7,16,2026-09-02 23:18:40.751929+00:00,2026-09-03 22:12:30.466831+00:00,2026-09-03 22:15:00+00:00,1241.3208011833333,2.4922194833333333,0.436682,0.4269685,-0.009713500000000042,0.009713500000000042
tennis_atp_us_open|gea|a|zheng|m,tennis_atp_us_open,gea|a,zheng|m,6,1,15,2026-09-04 11:16:20.804619+00:00,2026-09-04 16:02:07.330731+00:00,2026-09-05 15:00:00+00:00,1663.65325635,1377.87782115,0.425301,0.425301,0.0,0.0
tennis_atp_us_open|gorzny|s|medvedev|d,tennis_atp_us_open,gorzny|s,medvedev|d,30,1,15,2026-08-31 22:16:38.908995+00:00,2026-09-02 14:57:48.154405+00:00,2026-09-02 15:00:00+00:00,2443.35151675,2.1974265833333333,0.049046,0.039802,-0.009244000000000002,0.009244000000000002
tennis_atp_us_open|griekspoor|t|shelton|b,tennis_atp_us_open,griekspoor|t,shelton|b,37,2,16,2026-08-28 17:06:44.853796+00:00,2026-08-31 22:16:38.908995+00:00,2026-08-31 23:00:00+00:00,2753.252436733333,43.35151675,0.139234,0.1248965,-0.014337500000000003,0.014337500000000003
tennis_atp_us_open|halys|q|zverev|a,tennis_atp_us_open,halys|q,zverev|a,32,7,16,2026-09-02 11:22:44.806824+00:00,2026-09-04 01:36:55.964441+00:00,2026-09-04 01:40:00+00:00,1657.2532196,3.0672593166666666,0.15634599999999998,0.14185,-0.014495999999999981,0.014495999999999981
tennis_atp_us_open|hanfmann|y|tabilo|a,tennis_atp_us_open,hanfmann|y,tabilo|a,36,8,16,2026-08-28 17:06:44.853796+00:00,2026-08-31 19:34:00.293462+00:00,2026-08-31 19:40:00+00:00,2753.252436733333,5.995108966666667,0.427501,0.443393,0.01589199999999996,0.01589199999999996
tennis_atp_us_open|harris|l|kennedy|j,tennis_atp_us_open,harris|l,kennedy|j,16,3,16,2026-08-29 14:05:28.393431+00:00,2026-08-30 16:57:17.395407+00:00,2026-08-30 17:00:00+00:00,1594.52677615,2.7100765499999997,0.85815,0.861333,0.003183000000000047,0.003183000000000047
tennis_atp_us_open|harris|l|tsitsipas|s,tennis_atp_us_open,harris|l,tsitsipas|s,37,6,16,2026-08-31 20:14:30.800190+00:00,2026-09-02 21:17:37.973013+00:00,2026-09-02 21:20:00+00:00,2565.4866635,2.3671164499999997,0.256448,0.309955,0.05350699999999997,0.05350699999999997
tennis_atp_us_open|hurkacz|h|shelton|b,tennis_atp_us_open,hurkacz|h,shelton|b,24,3,16,2026-09-01 11:01:53.891977+00:00,2026-09-02 16:57:27.098209+00:00,2026-09-02 17:00:00+00:00,1678.1018003833333,2.5483631833333336,0.3226235,0.30986,-0.012763499999999983,0.012763499999999983
tennis_atp_us_open|jodar|r|kokkinakis|t,tennis_atp_us_open,jodar|r,kokkinakis|t,48,4,16,2026-08-28 17:06:44.853796+00:00,2026-09-01 15:26:54.665633+00:00,2026-09-01 17:20:00+00:00,2753.252436733333,113.08890611666668,0.880606,0.901538,0.02093199999999995,0.02093199999999995
tennis_atp_us_open|jodar|r|yunchaokete|b,tennis_atp_us_open,jodar|r,yunchaokete|b,22,14,16,2026-09-01 16:19:47.562551+00:00,2026-09-02 17:17:18.301845+00:00,2026-09-02 17:20:00+00:00,210.20729081666664,2.69496925,0.849945,0.9215255,0.07158050000000005,0.07158050000000005
tennis_atp_us_open|kecmanovic|m|shapovalov|d,tennis_atp_us_open,kecmanovic|m,shapovalov|d,21,5,16,2026-08-28 17:06:44.853796+00:00,2026-08-30 19:03:02.760954+00:00,2026-08-30 19:35:00+00:00,2753.252436733333,31.9539841,0.443606,0.443606,0.0,0.0
tennis_atp_us_open|kopriva|v|martin etcheverry|t,tennis_atp_us_open,kopriva|v,martin etcheverry|t,23,4,15,2026-08-28 17:06:44.853796+00:00,2026-08-30 21:03:30.969988+00:00,2026-08-30 21:10:00+00:00,2753.252436733333,6.483833533333334,0.35898949999999996,0.365678,0.006688500000000042,0.006688500000000042
tennis_atp_us_open|kovacevic|a|vacherot|v,tennis_atp_us_open,kovacevic|a,vacherot|v,32,3,16,2026-08-28 17:06:44.853796+00:00,2026-08-31 15:01:01.254058+00:00,2026-08-31 15:05:00+00:00,2753.252436733333,3.9790990333333336,0.455311,0.472161,0.016849999999999976,0.016849999999999976
tennis_atp_us_open|lam coleman wong|c|paul|t,tennis_atp_us_open,lam coleman wong|c,paul|t,18,4,15,2026-08-29 00:06:55.555756+00:00,2026-08-30 17:12:02.729208+00:00,2026-08-30 17:15:00+00:00,2403.0740707333334,2.9545132,0.14185,0.150684,0.008834000000000009,0.008834000000000009
tennis_atp_us_open|lehecka|j|samuel|t,tennis_atp_us_open,lehecka|j,samuel|t,45,7,16,2026-08-31 00:03:14.260943+00:00,2026-09-02 21:37:10.754819+00:00,2026-09-02 21:40:00+00:00,3776.7623176166667,2.8207530166666666,0.733617,0.7155405,-0.01807649999999994,0.01807649999999994
tennis_atp_us_open|lehecka|j|tsitsipas|s,tennis_atp_us_open,lehecka|j,tsitsipas|s,26,2,16,2026-09-03 02:26:32.218146+00:00,2026-09-04 16:02:07.330731+00:00,2026-09-04 21:00:00+00:00,2193.4630309,297.87782115000005,0.697764,0.626611,-0.07115300000000002,0.07115300000000002
tennis_atp_us_open|lennard struff|j|ugo carabelli|c,tennis_atp_us_open,lennard struff|j,ugo carabelli|c,54,7,16,2026-08-28 17:06:44.853796+00:00,2026-09-01 19:27:24.863022+00:00,2026-09-01 19:30:00+00:00,2753.252436733333,2.5856163,0.655497,0.6587285,0.0032315000000000538,0.0032315000000000538
tennis_atp_us_open|machac|t|samuel|t,tennis_atp_us_open,machac|t,samuel|t,24,9,16,2026-08-29 00:06:55.555756+00:00,2026-08-30 19:17:47.352905+00:00,2026-08-30 19:20:00+00:00,2433.0740707333334,2.210784916666667,0.466316,0.404504,-0.061812000000000034,0.061812000000000034
tennis_atp_us_open|majchrzak|k|medjedovic|h,tennis_atp_us_open,majchrzak|k,medjedovic|h,17,1,15,2026-08-28 17:06:44.853796+00:00,2026-08-30 14:57:25.700983+00:00,2026-08-30 15:00:00+00:00,2753.252436733333,2.5716502833333332,0.528543,0.544689,0.016145999999999994,0.016145999999999994
tennis_atp_us_open|majchrzak|k|vacherot|v,tennis_atp_us_open,majchrzak|k,vacherot|v,37,7,16,2026-08-31 20:14:30.800190+00:00,2026-09-02 23:08:32.169839+00:00,2026-09-02 23:10:00+00:00,2565.4866635,1.4638360166666666,0.478556,0.455962,-0.022594000000000003,0.022594000000000003
tennis_atp_us_open|manuel cerundolo|j|ruud|c,tennis_atp_us_open,manuel cerundolo|j,ruud|c,18,3,15,2026-08-28 17:06:44.853796+00:00,2026-08-30 16:09:25.425253+00:00,2026-09-01 15:00:00+00:00,2753.252436733333,2810.5762457833334,0.309618,0.380602,0.07098399999999999,0.07098399999999999
tennis_atp_us_open|marozsan|f|zheng|m,tennis_atp_us_open,marozsan|f,zheng|m,70,15,16,2026-08-28 17:06:44.853796+00:00,2026-09-02 18:02:22.557745+00:00,2026-09-02 18:10:00+00:00,2753.252436733333,7.624037583333333,0.443814,0.3907145,-0.053099499999999966,0.053099499999999966
tennis_atp_us_open|martin etcheverry|t|navone|m,tennis_atp_us_open,martin etcheverry|t,navone|m,24,2,16,2026-09-03 04:26:15.279633+00:00,2026-09-04 16:02:07.330731+00:00,2026-09-04 20:00:00+00:00,2073.74533945,237.87782115,0.4678485,0.517107,0.04925849999999998,0.04925849999999998
tennis_atp_us_open|medvedev|d|rinderknech|a,tennis_atp_us_open,medvedev|d,rinderknech|a,31,3,16,2026-09-02 21:23:28.457704+00:00,2026-09-04 16:02:07.330731+00:00,2026-09-04 16:30:00+00:00,2496.525704933333,27.87782115,0.729995,0.7334115,0.0034165000000000445,0.0034165000000000445
tennis_atp_us_open|mensik|j|mochizuki|s,tennis_atp_us_open,mensik|j,mochizuki|s,37,9,15,2026-08-29 00:06:55.555756+00:00,2026-08-31 23:18:13.284481+00:00,2026-08-31 23:20:00+00:00,3773.0740707333334,1.7785919833333332,0.902944,0.90487,0.0019259999999999833,0.0019259999999999833
tennis_atp_us_open|mensik|j|rodionov|j,tennis_atp_us_open,mensik|j,rodionov|j,44,6,16,2026-09-01 04:33:39.679042+00:00,2026-09-03 18:17:08.529120+00:00,2026-09-03 18:20:00+00:00,2066.338682633333,2.8578479999999997,0.892596,0.8831960000000001,-0.009399999999999853,0.009399999999999853
tennis_atp_us_open|mensik|j|tien|l,tennis_atp_us_open,mensik|j,tien|l,6,1,15,2026-09-04 11:16:20.804619+00:00,2026-09-04 16:02:07.330731+00:00,2026-09-05 15:00:00+00:00,1663.65325635,1377.87782115,0.440173,0.443606,0.0034330000000000194,0.0034330000000000194
tennis_atp_us_open|merida aguilar|d|michelsen|a,tennis_atp_us_open,merida aguilar|d,michelsen|a,32,2,16,2026-09-02 19:18:06.738989+00:00,2026-09-04 16:02:07.330731+00:00,2026-09-04 20:30:00+00:00,2621.8876835166666,267.87782115,0.376159,0.360697,-0.015462000000000031,0.015462000000000031
tennis_atp_us_open|merida aguilar|d|rublev|a,tennis_atp_us_open,merida aguilar|d,rublev|a,30,1,16,2026-08-31 22:16:38.908995+00:00,2026-09-02 14:57:48.154405+00:00,2026-09-02 15:00:00+00:00,2443.35151675,2.1974265833333333,0.36589550000000004,0.405809,0.039913499999999935,0.039913499999999935
tennis_atp_us_open|michelsen|a|nakashima|b,tennis_atp_us_open,michelsen|a,nakashima|b,30,1,16,2026-08-31 22:16:38.908995+00:00,2026-09-02 14:57:48.154405+00:00,2026-09-02 15:00:00+00:00,2443.35151675,2.1974265833333333,0.41699549999999996,0.320026,-0.09696949999999999,0.09696949999999999
tennis_atp_us_open|monfils|g|tien|l,tennis_atp_us_open,monfils|g,tien|l,29,3,16,2026-09-02 11:22:44.806824+00:00,2026-09-03 23:03:30.480501+00:00,2026-09-03 23:05:00+00:00,1657.2532196,1.49199165,0.192265,0.1700735,-0.022191500000000003,0.022191500000000003
tennis_atp_us_open|moutet|c|sweeny|d,tennis_atp_us_open,moutet|c,sweeny|d,53,8,16,2026-08-28 17:06:44.853796+00:00,2026-09-01 18:19:52.607999+00:00,2026-09-01 18:45:00+00:00,2753.252436733333,25.123200016666665,0.75559,0.697695,-0.05789500000000003,0.05789500000000003
tennis_atp_us_open|mpetshi perricard|g|rodionov|j,tennis_atp_us_open,mpetshi perricard|g,rodionov|j,31,4,15,2026-08-29 00:06:55.555756+00:00,2026-08-31 17:12:52.237840+00:00,2026-08-31 17:15:00+00:00,3773.0740707333334,2.1293693333333334,0.630417,0.466316,-0.164101,0.164101
tennis_atp_us_open|munar|j|rinderknech|a,tennis_atp_us_open,munar|j,rinderknech|a,41,1,16,2026-08-31 00:03:14.260943+00:00,2026-09-02 14:57:48.154405+00:00,2026-09-02 15:00:00+00:00,3776.7623176166667,2.1974265833333333,0.4051365,0.399382,-0.005754499999999996,0.005754499999999996
tennis_atp_us_open|musetti|l|sweeny|d,tennis_atp_us_open,musetti|l,sweeny|d,31,9,15,2026-09-02 00:28:11.946275+00:00,2026-09-03 18:22:08.847151+00:00,2026-09-03 18:25:00+00:00,871.8008954166667,2.8525474833333333,0.9731725,0.953245,-0.019927499999999987,0.019927499999999987
tennis_atp_us_open|norrie|c|van assche|l,tennis_atp_us_open,norrie|c,van assche|l,21,6,15,2026-08-28 17:06:44.853796+00:00,2026-08-30 17:37:02.899183+00:00,2026-08-30 17:40:00+00:00,2753.252436733333,2.9516802833333333,0.6483255,0.682676,0.03435049999999995,0.03435049999999995
tennis_atp_us_open|paul|t|prizmic|d,tennis_atp_us_open,paul|t,prizmic|d,51,9,16,2026-08-30 21:03:30.969988+00:00,2026-09-02 23:32:37.056488+00:00,2026-09-02 23:35:00+00:00,3956.4838335333334,2.3823918666666666,0.769288,0.833997,0.06470900000000002,0.06470900000000002
tennis_atp_us_open|popyrin|a|tabilo|a,tennis_atp_us_open,popyrin|a,tabilo|a,42,7,16,2026-09-01 04:33:39.679042+00:00,2026-09-03 18:37:10.013701+00:00,2026-09-03 18:40:00+00:00,2066.338682633333,2.8331049833333335,0.4909905,0.3895385,-0.10145199999999999,0.10145199999999999
tennis_atp_us_open|prizmic|d|shevchenko|a,tennis_atp_us_open,prizmic|d,shevchenko|a,17,1,15,2026-08-28 17:06:44.853796+00:00,2026-08-30 14:57:25.700983+00:00,2026-08-30 15:00:00+00:00,2753.252436733333,2.5716502833333332,0.729162,0.713679,-0.015483000000000025,0.015483000000000025
tennis_atp_us_open|rinderknech|a|shimabukuro|s,tennis_atp_us_open,rinderknech|a,shimabukuro|s,17,1,15,2026-08-28 17:06:44.853796+00:00,2026-08-30 14:57:25.700983+00:00,2026-08-30 15:00:00+00:00,2753.252436733333,2.5716502833333332,0.738927,0.761001,0.022074000000000038,0.022074000000000038
tennis_atp_us_open|royer|v|svrcina|d,tennis_atp_us_open,royer|v,svrcina|d,31,4,15,2026-08-29 00:06:55.555756+00:00,2026-08-31 18:12:34.762003+00:00,2026-08-31 18:15:00+00:00,3773.0740707333334,2.4206332833333333,0.5,0.518575,0.018575000000000008,0.018575000000000008
tennis_atp_us_open|rublev|a|virtanen|o,tennis_atp_us_open,rublev|a,virtanen|o,10,1,15,2026-08-30 20:04:04.815483+00:00,2026-08-31 14:55:16.899511+00:00,2026-08-31 15:00:00+00:00,1135.9197419500001,4.718341483333333,0.870714,0.846421,-0.02429300000000001,0.02429300000000001
tennis_atp_us_open|sakamoto|r|tiafoe|f,tennis_atp_us_open,sakamoto|r,tiafoe|f,27,2,16,2026-09-01 11:01:53.891977+00:00,2026-09-02 22:09:19.406633+00:00,2026-09-02 23:00:00+00:00,1678.1018003833333,50.67655611666667,0.22169850000000002,0.217648,-0.004050500000000012,0.004050500000000012
tennis_atp_us_open|sakamoto|r|vukic|a,tennis_atp_us_open,sakamoto|r,vukic|a,22,6,15,2026-08-29 00:06:55.555756+00:00,2026-08-30 20:42:47.451966+00:00,2026-08-30 20:45:00+00:00,2503.0740707333334,2.2091339,0.594059,0.588323,-0.005735999999999963,0.005735999999999963
tennis_atp_us_open|shang|j|trungelliti|m,tennis_atp_us_open,shang|j,trungelliti|m,39,12,15,2026-08-28 17:06:44.853796+00:00,2026-08-31 21:13:36.365403+00:00,2026-08-31 21:30:00+00:00,2753.252436733333,16.39390995,0.660257,0.6593935,-0.000863500000000017,0.000863500000000017
tennis_atp_us_open|shapovalov|d|shelton|b,tennis_atp_us_open,shapovalov|d,shelton|b,26,2,16,2026-09-03 02:26:32.218146+00:00,2026-09-04 16:02:07.330731+00:00,2026-09-05 00:10:00+00:00,2193.4630309,487.87782115000005,0.162425,0.21869,0.05626499999999998,0.05626499999999998
tennis_atp_us_open|shapovalov|d|van assche|l,tennis_atp_us_open,shapovalov|d,van assche|l,45,5,16,2026-08-31 00:03:14.260943+00:00,2026-09-02 20:42:39.161907+00:00,2026-09-02 20:45:00+00:00,3776.7623176166667,2.3473015499999996,0.5936175,0.579346,-0.014271499999999993,0.014271499999999993
tennis_atp_us_open|sonego|l|zverev|a,tennis_atp_us_open,sonego|l,zverev|a,57,6,16,2026-08-28 17:06:44.853796+00:00,2026-09-02 00:28:11.946275+00:00,2026-09-02 01:20:00+00:00,2753.252436733333,51.80089541666667,0.068584,0.0501635,-0.018420500000000006,0.018420500000000006
tennis_atp_us_open|tabilo|a|zverev|a,tennis_atp_us_open,tabilo|a,zverev|a,6,1,15,2026-09-04 11:16:20.804619+00:00,2026-09-04 16:02:07.330731+00:00,2026-09-05 15:00:00+00:00,1663.65325635,1377.87782115,0.139571,0.131934,-0.007637000000000005,0.007637000000000005
tennis_atp_us_open|tiafoe|f|vacherot|v,tennis_atp_us_open,tiafoe|f,vacherot|v,24,2,16,2026-09-03 04:26:15.279633+00:00,2026-09-04 16:02:07.330731+00:00,2026-09-04 23:00:00+00:00,2073.74533945,417.87782115000005,0.647799,0.6275515,-0.020247499999999974,0.020247499999999974
tennis_atp_us_open|walton|a|yibing|w,tennis_atp_us_open,walton|a,yibing|w,17,1,15,2026-08-28 17:06:44.853796+00:00,2026-08-30 14:57:25.700983+00:00,2026-08-30 15:00:00+00:00,2753.252436733333,2.5716502833333332,0.5,0.544689,0.04468899999999998,0.04468899999999998
tennis_atp_us_open|yunchaokete|b|zheng|m,tennis_atp_us_open,yunchaokete|b,zheng|m,18,5,16,2026-09-02 23:18:40.751929+00:00,2026-09-03 23:01:55.406323+00:00,2026-09-03 23:50:00+00:00,1241.3208011833333,48.076561283333334,0.3540585,0.365092,0.01103350000000003,0.01103350000000003
